City_ID,City,Country,Date,Lat,Lng,Max Temp,Humidity,Cloudiness,Wind Speed
0,Yellowknife,CA,2021-03-29 22:20:43,62.456,-114.3525,7.0,43,20,10.36
1,Visnes,NO,2021-03-29 22:22:31,59.3556,5.2242,45.0,100,90,10.36
2,Hilo,US,2021-03-29 22:22:31,19.7297,-155.09,75.2,73,75,3.44
3,Vaini,TO,2021-03-29 22:22:32,-21.2,-175.2,82.4,89,40,8.05
4,Cape Town,ZA,2021-03-29 22:18:03,-33.9258,18.4232,63.0,82,0,6.91
5,Olinda,BR,2021-03-29 22:22:32,-8.0089,-34.8553,80.6,74,75,6.91
6,East London,ZA,2021-03-29 22:22:32,-33.0153,27.9116,69.12,86,99,17.49
7,Chissamba,AO,2021-03-29 22:22:33,-12.1667,17.3333,63.12,98,100,0.83
8,Teya,RU,2021-03-29 22:21:15,60.3778,92.6267,8.01,99,100,1.03
9,Barrow,US,2021-03-29 22:22:33,71.2906,-156.7887,-2.2,65,1,24.16
10,Sorland,NO,2021-03-29 22:22:33,67.667,12.6934,41.59,85,100,20.8
11,New Norfolk,AU,2021-03-29 22:22:34,-42.7826,147.0587,54.0,68,100,3.62
12,Cherskiy,RU,2021-03-29 22:22:34,68.75,161.3,-2.67,95,100,8.3
13,Puerto Ayora,EC,2021-03-29 22:22:34,-0.7393,-90.3518,82.4,78,20,10.36
14,Isangel,VU,2021-03-29 22:22:35,-19.55,169.2667,80.6,83,20,9.28
15,Umm Lajj,SA,2021-03-29 22:22:35,25.0213,37.2685,71.87,62,48,12.39
16,Tiksi,RU,2021-03-29 22:22:35,71.6872,128.8694,4.51,98,100,4.38
17,Pangnirtung,CA,2021-03-29 22:22:36,66.1451,-65.7125,10.4,72,90,9.22
18,Mirador,BR,2021-03-29 22:22:36,-6.3708,-44.3631,74.88,94,80,3.11
19,Castro,BR,2021-03-29 22:22:36,-24.7911,-50.0119,63.93,93,72,5.32
20,Ahipara,NZ,2021-03-29 22:22:37,-35.1667,173.1667,70.3,87,31,7.52
21,Dingle,PH,2021-03-29 22:22:37,10.9995,122.6711,74.97,93,63,6.98
22,Aksu,CN,2021-03-29 22:22:37,41.1231,80.2644,45.84,61,52,4.0
23,Tasiilaq,GL,2021-03-29 22:22:38,65.6145,-37.6368,19.4,58,0,7.45
24,Rikitea,PF,2021-03-29 22:22:38,-23.1203,-134.9692,79.03,68,11,15.05
25,Nome,US,2021-03-29 22:22:38,64.5011,-165.4064,35.01,93,90,5.75
26,Uyuni,BO,2021-03-29 22:22:38,-20.4597,-66.825,59.2,22,9,9.28
27,Taltal,CL,2021-03-29 22:22:39,-25.4,-70.4833,67.35,72,23,6.15
28,Airai,TL,2021-03-29 22:22:39,-8.9266,125.4092,59.56,98,100,4.43
29,Qaanaaq,GL,2021-03-29 22:22:39,77.484,-69.3632,-14.21,68,44,7.54
30,Hobart,AU,2021-03-29 22:22:40,-42.8794,147.3294,55.4,62,0,8.05
31,Ponta Do Sol,PT,2021-03-29 22:22:40,32.6667,-17.1,62.6,72,20,12.66
32,Ushuaia,AR,2021-03-29 22:21:27,-54.8,-68.3,51.8,66,20,4.61
33,Marga,RO,2021-03-29 22:22:40,45.5,22.5167,38.16,84,46,3.94
34,Sao Filipe,CV,2021-03-29 22:22:41,14.8961,-24.4956,69.53,74,69,12.3
35,Jamestown,US,2021-03-29 22:22:41,42.097,-79.2353,39.2,60,1,6.46
36,Thompson,CA,2021-03-29 22:22:41,55.7435,-97.8558,10.4,85,90,21.85
37,Karratha,AU,2021-03-29 22:22:42,-20.7377,116.8463,87.78,43,55,6.2
38,Kushmurun,KZ,2021-03-29 22:22:42,52.4503,64.6311,18.27,98,97,4.54
39,Punta Arenas,CL,2021-03-29 22:22:42,-53.15,-70.9167,48.2,93,75,3.44
40,Divo,CI,2021-03-29 22:22:43,5.8397,-5.36,73.72,94,12,2.64
41,Kavieng,PG,2021-03-29 22:22:43,-2.5744,150.7967,83.8,73,99,13.89
42,Saskylakh,RU,2021-03-29 22:22:43,71.9167,114.0833,-16.51,98,99,6.29
43,Cabo San Lucas,MX,2021-03-29 22:22:13,22.8909,-109.9124,82.99,33,75,4.61
44,Khudumelapye,BW,2021-03-29 22:22:44,-23.8833,24.75,70.11,48,55,11.27
45,Daru,PG,2021-03-29 22:22:44,-9.0763,143.2092,76.55,94,100,3.76
46,Saint George,US,2021-03-29 22:22:44,37.1041,-113.5841,78.01,9,1,18.41
47,Flinders,AU,2021-03-29 22:22:45,-34.5833,150.8552,64.99,64,56,7.0
48,Krasnoselkup,RU,2021-03-29 22:22:45,65.7,82.4667,-10.1,91,95,7.96
49,Codrington,AU,2021-03-29 22:22:45,-38.2667,141.9667,55.47,77,91,3.87
50,Avarua,CK,2021-03-29 22:22:46,-21.2078,-159.775,84.2,74,40,14.97
51,George Town,MY,2021-03-29 22:22:46,5.4112,100.3354,82.0,89,40,2.3
52,Nikolskoye,RU,2021-03-29 22:22:46,59.7035,30.7861,43.0,70,90,8.95
53,Camacha,PT,2021-03-29 22:22:47,33.0833,-16.3333,62.6,82,40,17.27
54,Port Hardy,CA,2021-03-29 22:22:47,50.6996,-127.4199,44.6,53,20,19.57
55,Ixtapa,MX,2021-03-29 22:22:47,20.7,-105.2,77.0,69,40,11.5
56,Ribeira Grande,PT,2021-03-29 22:22:47,38.5167,-28.7,59.65,80,100,12.75
57,Busselton,AU,2021-03-29 22:22:43,-33.65,115.3333,66.0,94,13,4.68
58,Provideniya,RU,2021-03-29 22:22:48,64.3833,-173.3,21.2,73,90,8.95
59,Saldanha,ZA,2021-03-29 22:22:48,-33.0117,17.9442,64.4,88,0,1.14
60,Mar Del Plata,AR,2021-03-29 22:18:31,-38.0023,-57.5575,63.0,77,20,6.91
61,Lavrentiya,RU,2021-03-29 22:22:48,65.5833,-171.0,13.95,88,99,12.08
62,Atuona,PF,2021-03-29 22:22:49,-9.8,-139.0333,80.49,79,28,18.79
63,Saint-Philippe,RE,2021-03-29 22:22:49,-21.3585,55.7679,77.0,78,0,6.91
64,Kapaa,US,2021-03-29 22:22:49,22.0752,-159.319,77.0,73,75,13.8
65,Mataura,NZ,2021-03-29 22:22:50,-46.1927,168.8643,57.99,94,100,1.01
66,Clonmel,IE,2021-03-29 22:22:50,52.355,-7.7039,50.0,94,99,5.01
67,Carmaux,FR,2021-03-29 22:22:50,44.051,2.158,57.2,57,0,8.05
68,Devonport,AU,2021-03-29 22:22:51,-41.1667,146.35,52.83,56,85,1.52
69,Dzhebariki-Khaya,RU,2021-03-29 22:22:51,62.2167,135.8,15.78,87,100,2.08
70,Faanui,PF,2021-03-29 22:22:51,-16.4833,-151.75,82.44,71,51,15.84
71,Albany,US,2021-03-29 22:22:51,42.6001,-73.9662,44.01,34,2,11.7
72,Nioro,GM,2021-03-29 22:22:52,13.35,-15.75,79.0,44,3,8.59
73,Veydelevka,RU,2021-03-29 22:22:52,50.1521,38.4492,32.09,83,22,6.53
74,Kihei,US,2021-03-29 22:18:40,20.785,-156.4656,82.4,57,40,9.22
75,Bredasdorp,ZA,2021-03-29 22:22:34,-34.5322,20.0403,51.8,100,43,1.14
76,Georgetown,MY,2021-03-29 22:22:52,5.4112,100.3354,82.0,89,40,2.3
77,Karup,DK,2021-03-29 22:22:53,56.3067,9.1684,48.99,93,90,13.8
78,Butaritari,KI,2021-03-29 22:22:53,3.0707,172.7902,81.3,79,24,14.09
79,Atar,MR,2021-03-29 22:22:53,20.5169,-13.0499,80.96,22,5,6.64
80,Southbridge,US,2021-03-29 22:19:49,42.0751,-72.0334,46.0,31,1,1.01
81,Talnakh,RU,2021-03-29 22:22:54,69.4865,88.3972,-24.84,99,27,2.21
82,Viedma,AR,2021-03-29 22:22:54,-40.8135,-62.9967,67.1,53,36,13.82
83,Arraial Do Cabo,BR,2021-03-29 22:21:10,-22.9661,-42.0278,84.2,83,40,6.91
84,Ko Samui,TH,2021-03-29 22:22:54,9.5357,99.9357,81.57,76,100,5.77
85,Toamasina,MG,2021-03-29 22:22:55,-18.1667,49.3833,78.8,94,75,2.3
86,Dicabisagan,PH,2021-03-29 22:22:55,17.0818,122.4157,75.38,88,41,4.81
87,Adrar,MR,2021-03-29 22:22:55,20.5022,-10.0711,81.32,9,69,3.56
88,Sabzevar,IR,2021-03-29 22:22:56,36.2126,57.6819,43.52,54,0,11.79
89,Olafsvik,IS,2021-03-29 22:22:56,64.8945,-23.7142,29.37,67,100,14.36
90,Saint-Joseph,RE,2021-03-29 22:22:56,-21.3667,55.6167,77.0,78,0,6.91
91,Cayenne,GF,2021-03-29 22:22:57,4.9333,-52.3333,81.0,89,75,9.22
92,Leninskoye,KZ,2021-03-29 22:22:57,41.7589,69.3864,42.8,87,0,5.28
93,Ustyuzhna,RU,2021-03-29 22:22:57,58.8394,36.4321,35.31,90,99,13.35
94,Bluff,NZ,2021-03-29 22:22:58,-46.6,168.3333,57.99,94,100,1.01
95,Vila Velha,BR,2021-03-29 22:18:10,-20.3297,-40.2925,80.6,74,0,4.61
96,Bandarbeyla,SO,2021-03-29 22:22:58,9.4942,50.8122,77.85,68,100,6.62
97,Umm Kaddadah,SD,2021-03-29 22:22:59,13.6017,26.6876,68.09,14,0,13.35
98,Poronaysk,RU,2021-03-29 22:22:59,49.2167,143.1167,31.71,98,100,1.59
99,Kahului,US,2021-03-29 22:22:59,20.8947,-156.47,82.4,57,40,9.22
100,Vanavara,RU,2021-03-29 22:22:59,60.34,102.2797,19.54,97,100,2.64
101,Port Moresby,PG,2021-03-29 22:23:00,-9.4431,147.1797,77.0,94,90,5.41
102,Mana,GF,2021-03-29 22:23:00,5.6592,-53.7767,77.25,88,93,13.44
103,Kuragino,RU,2021-03-29 22:23:00,53.8975,92.6725,25.29,73,93,13.04
104,Port Elizabeth,ZA,2021-03-29 22:23:01,-33.918,25.5701,66.2,88,20,13.8
105,Taikang,CN,2021-03-29 22:23:01,46.8333,124.4167,34.32,73,24,7.67
106,Kampong Thum,KH,2021-03-29 22:23:01,12.7111,104.8887,80.11,71,48,7.0
107,Raudeberg,NO,2021-03-29 22:23:02,61.9875,5.1352,46.0,81,100,33.93
108,Burgeo,CA,2021-03-29 22:23:02,47.6167,-57.6152,36.72,97,100,23.98
109,Broken Hill,AU,2021-03-29 22:23:02,-31.95,141.4333,59.0,55,4,3.44
110,Baturaja,ID,2021-03-29 22:23:03,-4.1333,104.1667,71.83,99,62,1.48
111,Sorong,ID,2021-03-29 22:23:03,-0.8833,131.25,78.48,84,91,6.06
112,Fort Morgan,US,2021-03-29 22:20:29,40.2503,-103.8,77.0,6,1,26.46
113,Inhambane,MZ,2021-03-29 22:23:03,-23.865,35.3833,69.19,69,0,5.46
114,Dalvik,IS,2021-03-29 22:23:04,65.9702,-18.5286,26.6,80,90,3.44
115,Meulaboh,ID,2021-03-29 22:23:04,4.1363,96.1285,75.27,93,100,6.85
116,Maragogi,BR,2021-03-29 22:23:04,-9.0122,-35.2225,79.14,81,46,7.85
117,Hami,CN,2021-03-29 22:23:05,42.8,93.45,53.19,31,100,17.6
118,Hasaki,JP,2021-03-29 22:23:05,35.7333,140.8333,59.0,82,75,5.75
119,Vao,NC,2021-03-29 22:23:05,-22.6667,167.4833,78.98,67,100,8.16
120,Muros,ES,2021-03-29 22:23:06,42.7762,-9.0603,57.99,82,99,5.01
121,Westerly,US,2021-03-29 22:23:06,41.3776,-71.8273,51.8,29,1,6.91
122,Seoul,KR,2021-03-29 22:19:45,37.5683,126.9778,37.4,93,75,1.14
123,Lengshuitan,CN,2021-03-29 22:23:06,26.4111,111.5956,71.85,90,36,1.14
124,Abu Samrah,SY,2021-03-29 22:23:07,35.3029,37.1841,51.48,39,2,3.67
125,Ilhabela,BR,2021-03-29 22:23:07,-23.7781,-45.3581,79.23,87,19,3.18
126,Doha,QA,2021-03-29 22:23:07,25.2867,51.5333,69.8,52,0,12.66
127,Redlands,US,2021-03-29 22:21:49,34.0556,-117.1825,86.0,11,1,6.91
128,Sao Sepe,BR,2021-03-29 22:23:08,-30.1606,-53.5653,68.0,83,40,2.3
129,Sept-Iles,CA,2021-03-29 22:18:19,50.2001,-66.3821,30.2,59,40,24.16
130,Raymondville,US,2021-03-29 22:23:08,26.4815,-97.7831,66.2,88,90,5.75
131,Manzanillo,CU,2021-03-29 22:23:08,20.3433,-77.1167,86.38,50,43,7.31
132,Ustka,PL,2021-03-29 22:23:09,54.5805,16.8619,45.66,92,100,16.28
133,Ingham,US,2021-03-29 22:23:09,42.6,-84.3833,52.0,50,1,11.5
134,Hermanus,ZA,2021-03-29 22:23:09,-34.4187,19.2345,66.0,61,32,3.29
135,Mossendjo,CG,2021-03-29 22:23:10,-2.9506,12.7261,69.67,98,73,1.77
136,Longyearbyen,SJ,2021-03-29 22:22:36,78.2186,15.6401,26.6,74,75,26.46
137,Skegness,GB,2021-03-29 22:23:10,53.1436,0.3363,55.0,93,0,5.75
138,Sabinas Hidalgo,MX,2021-03-29 22:23:10,26.5,-100.1667,73.89,41,99,13.2
139,Narsaq,GL,2021-03-29 22:23:11,60.9167,-46.05,24.8,42,75,4.61
140,Sainte-Marie,RE,2021-03-29 22:23:11,-20.8968,55.5496,73.4,94,0,5.75
141,Sao Joao Da Barra,BR,2021-03-29 22:23:11,-21.6403,-41.0511,84.2,65,40,11.5
142,Porkhov,RU,2021-03-29 22:20:09,57.765,29.5561,42.8,87,75,13.42
143,Yar-Sale,RU,2021-03-29 22:23:12,66.8333,70.8333,10.42,95,100,7.0
144,Marawi,PH,2021-03-29 22:23:12,7.9986,124.2928,75.99,90,97,5.01
145,College,US,2021-03-29 22:21:46,64.8569,-147.8028,32.0,69,90,5.75
146,Carnarvon,AU,2021-03-29 22:23:12,-24.8667,113.6333,77.0,88,76,8.05
147,Petropavlovsk-Kamchatskiy,RU,2021-03-29 22:23:13,53.0452,158.6483,30.2,55,100,4.5
148,Aberfoyle,AU,2021-03-29 22:23:13,-30.2667,152.0167,50.36,91,91,5.26
149,Bengkulu,ID,2021-03-29 22:23:13,-3.8004,102.2655,75.34,89,79,2.89
150,Xining,CN,2021-03-29 22:23:14,36.6167,101.7667,45.95,39,100,1.72
151,Sitka,US,2021-03-29 22:23:14,57.0531,-135.33,37.4,93,90,5.75
152,Liwale,TZ,2021-03-29 22:23:14,-9.7667,37.9333,68.25,98,91,4.99
153,Hithadhoo,MV,2021-03-29 22:23:15,-0.6,73.0833,83.16,75,100,26.37
154,Bambous Virieux,MU,2021-03-29 22:23:15,-20.3428,57.7575,75.99,88,20,6.91
155,Ndola,ZM,2021-03-29 22:23:15,-12.9587,28.6366,59.07,98,19,5.46
156,Haines Junction,CA,2021-03-29 22:23:15,60.7522,-137.5108,33.8,32,93,5.75
157,Lorengau,PG,2021-03-29 22:23:16,-2.0226,147.2712,81.63,81,99,4.94
158,Hofn,IS,2021-03-29 22:23:16,64.2539,-15.2082,29.53,62,0,17.16
159,Beidao,CN,2021-03-29 22:23:16,34.5686,105.8933,52.92,67,2,3.65
160,Notodden,NO,2021-03-29 22:23:17,59.5594,9.2585,42.01,81,39,1.01
161,Khandyga,RU,2021-03-29 22:23:17,62.6667,135.6,14.05,88,100,3.42
162,Bansi,IN,2021-03-29 22:22:14,27.1833,82.9333,73.22,21,1,4.12
163,Chokurdakh,RU,2021-03-29 22:23:17,70.6333,147.9167,-4.67,99,97,5.73
164,Kandrian,PG,2021-03-29 22:23:18,-6.2167,149.55,79.32,87,98,6.69
165,Port Alfred,ZA,2021-03-29 22:22:37,-33.5906,26.891,68.47,88,88,23.67
166,San Policarpo,PH,2021-03-29 22:23:18,12.1791,125.5072,79.95,81,100,10.33
167,Petatlan,MX,2021-03-29 22:23:18,17.5167,-101.2667,86.0,66,75,11.5
168,Te Anau,NZ,2021-03-29 22:23:19,-45.4167,167.7167,55.62,76,96,0.81
169,Mahebourg,MU,2021-03-29 22:23:04,-20.4081,57.7,75.2,88,20,6.91
170,Tuktoyaktuk,CA,2021-03-29 22:23:19,69.4541,-133.0374,-9.4,84,20,16.11
171,Arrifes,PT,2021-03-29 22:23:19,37.7667,-25.7,60.8,82,40,13.8
172,Zhigansk,RU,2021-03-29 22:23:20,66.7697,123.3711,16.34,97,100,6.71
173,Karatau,KZ,2021-03-29 22:23:20,43.1667,70.4667,37.58,83,93,10.29
174,Port Blair,IN,2021-03-29 22:23:20,11.6667,92.75,80.37,78,94,3.58
175,Dunedin,NZ,2021-03-29 22:23:20,-45.8742,170.5036,57.99,84,100,11.01
176,Cabedelo,BR,2021-03-29 22:23:21,-6.9811,-34.8339,80.6,89,20,3.44
177,Kaitangata,NZ,2021-03-29 22:23:21,-46.2817,169.8464,61.0,80,100,5.01
178,Axim,GH,2021-03-29 22:23:21,4.8699,-2.2405,79.47,87,0,6.51
179,Richards Bay,ZA,2021-03-29 22:23:22,-28.783,32.0377,65.89,83,62,4.88
180,Edirne,TR,2021-03-29 22:23:22,41.6772,26.556,43.21,72,51,3.4
181,Prieska,ZA,2021-03-29 22:23:22,-29.6641,22.7474,73.54,24,0,3.44
182,Cuamba,MZ,2021-03-29 22:23:23,-14.8031,36.5372,65.75,91,9,6.67
183,Kotido,UG,2021-03-29 22:23:23,2.9806,34.1331,77.83,42,48,14.45
184,La Romana,DO,2021-03-29 22:23:23,18.4273,-68.9728,82.4,65,40,11.5
185,Rincon,US,2021-03-29 22:23:24,32.296,-81.2354,66.2,22,20,12.66
186,Zinder,NE,2021-03-29 22:23:24,13.8072,8.9881,73.18,8,0,11.34
187,Severo-Kurilsk,RU,2021-03-29 22:23:24,50.6789,156.125,35.56,96,100,20.92
188,Biak,ID,2021-03-29 22:23:25,-0.9131,122.8766,76.33,83,97,1.77
189,Alice Springs,AU,2021-03-29 22:23:25,-23.7,133.8833,62.6,59,0,1.14
190,Matara,LK,2021-03-29 22:23:25,5.9485,80.5353,72.91,91,100,9.33
191,Dhangadhi,NP,2021-03-29 22:23:26,28.7079,80.5961,73.02,27,19,3.2
192,Dikson,RU,2021-03-29 22:23:26,73.5069,80.5464,-27.89,100,37,7.7
193,Marigot,MF,2021-03-29 22:23:26,18.0667,-63.0833,80.6,69,20,11.5
194,Port Lincoln,AU,2021-03-29 22:23:27,-34.7333,135.8667,65.08,80,2,5.61
195,Florence,IT,2021-03-29 22:22:17,43.7667,11.25,57.99,66,0,3.44
196,Kavaratti,IN,2021-03-29 22:23:27,10.5669,72.642,82.13,75,100,13.2
197,Victoria,HK,2021-03-29 22:20:20,22.2855,114.1577,78.01,85,25,6.89
198,Magadan,RU,2021-03-29 22:23:27,59.5667,150.8,16.95,77,100,7.67
199,Fort Nelson,CA,2021-03-29 22:23:28,58.8053,-122.7002,19.4,53,20,6.91
200,Khatanga,RU,2021-03-29 22:23:28,71.9667,102.5,-25.47,97,27,11.74
201,Nueva Loja,EC,2021-03-29 22:23:28,0.0847,-76.8828,82.4,74,40,6.91
202,Safaga,EG,2021-03-29 22:23:29,26.7292,33.9365,62.6,45,0,13.8
203,Antofagasta,CL,2021-03-29 22:22:40,-23.65,-70.4,64.4,72,0,14.97
204,Pevek,RU,2021-03-29 22:23:29,69.7008,170.3133,-9.29,97,100,4.43
205,Grindavik,IS,2021-03-29 22:23:29,63.8424,-22.4338,30.2,64,0,16.11
206,Kieta,PG,2021-03-29 22:23:30,-6.2167,155.6333,83.26,71,100,3.42
207,Mayo,US,2021-03-29 22:23:30,38.8876,-76.5119,59.0,35,1,9.22
208,Hearst,CA,2021-03-29 22:23:30,49.6835,-83.6665,35.6,35,99,9.22
209,Koindu,GN,2021-03-29 22:23:31,8.4386,-10.3253,73.36,89,78,3.4
210,Bend,US,2021-03-29 22:23:26,44.0582,-121.3153,46.4,23,1,16.11
211,Pagudpud,PH,2021-03-29 22:23:31,18.5616,120.7868,73.4,94,40,2.3
212,High Level,CA,2021-03-29 22:23:31,58.5169,-117.136,12.2,67,40,10.36
213,Son La,VN,2021-03-29 22:19:05,21.3167,103.9,73.42,43,76,2.04
214,Visby,SE,2021-03-29 22:23:32,57.6409,18.296,48.2,87,100,19.57
215,Hof,DE,2021-03-29 22:23:32,50.3167,11.9167,46.99,54,84,4.0
216,Dorado,PR,2021-03-29 22:23:32,18.4588,-66.2677,79.0,83,75,12.66
217,Pringsewu,ID,2021-03-29 22:23:32,-5.3582,104.9744,72.88,97,88,2.93
218,Bonavista,CA,2021-03-29 22:23:33,48.6499,-53.1147,37.99,100,100,18.41
219,Aklavik,CA,2021-03-29 22:23:33,68.2191,-135.0107,3.2,55,40,8.05
220,Bud,US,2021-03-29 22:23:33,39.447,-86.1758,59.0,41,0,11.1
221,Norman Wells,CA,2021-03-29 22:23:34,65.282,-126.8329,10.4,48,75,11.5
222,Srandakan,ID,2021-03-29 22:23:34,-7.9386,110.2506,77.23,90,94,1.43
223,Havoysund,NO,2021-03-29 22:23:34,70.9963,24.6622,35.6,80,40,8.05
224,Shetpe,KZ,2021-03-29 22:23:35,44.1667,52.1167,37.78,67,20,3.51
225,Bethel,US,2021-03-29 22:23:35,41.3712,-73.414,53.6,24,1,8.05
226,Mnogovershinnyy,RU,2021-03-29 22:23:35,53.9353,139.9242,24.73,95,100,5.64
227,Plyussa,RU,2021-03-29 22:23:36,58.4308,29.3654,42.85,83,100,14.67
228,Nouadhibou,MR,2021-03-29 22:23:36,20.931,-17.0347,64.4,88,25,16.11
229,San Carlos De Bariloche,AR,2021-03-29 22:21:31,-41.1456,-71.3082,77.0,7,0,10.36
230,Dubna,RU,2021-03-29 22:23:36,56.7333,37.1667,29.07,97,50,8.57
231,Neepawa,CA,2021-03-29 22:23:37,50.2289,-99.4664,41.0,87,90,17.27
232,Araouane,ML,2021-03-29 22:23:37,18.9048,-3.5265,78.06,8,11,9.53
233,Butte,US,2021-03-29 22:23:37,39.6499,-121.5677,72.0,24,1,10.36
234,Dawei,MM,2021-03-29 22:23:37,14.0833,98.2,75.2,79,35,2.08
235,Vardo,NO,2021-03-29 22:23:38,70.3705,31.1107,35.6,80,75,9.22
236,General Roca,AR,2021-03-29 22:23:38,-39.0333,-67.5833,80.6,24,0,4.61
237,Muisne,EC,2021-03-29 22:23:38,0.6,-80.0333,80.6,89,75,4.61
238,Sobolevo,RU,2021-03-29 22:23:39,54.4299,31.8996,35.42,99,100,8.01
239,Madawaska,US,2021-03-29 22:23:39,47.3561,-68.3288,28.4,59,100,14.97
240,Lebu,CL,2021-03-29 22:23:39,-37.6167,-73.65,59.68,82,8,2.8
241,Byron Bay,AU,2021-03-29 22:23:39,-28.65,153.6167,68.0,94,90,6.91
242,Baruun-Urt,MN,2021-03-29 22:23:40,46.6806,113.2792,37.53,26,100,11.54
243,Deputatskiy,RU,2021-03-29 22:23:40,69.3,139.9,-5.06,98,84,3.0
244,Lakhipur,IN,2021-03-29 22:23:40,26.0299,90.3041,71.89,48,32,3.06
245,Ilulissat,GL,2021-03-29 22:23:41,69.2167,-51.1,17.6,45,40,14.97
246,Fortuna,US,2021-03-29 22:23:41,40.5982,-124.1573,55.99,46,1,25.32
247,Uspenka,UA,2021-03-29 22:23:41,48.3903,39.1619,35.91,85,83,6.46
248,Spearfish,US,2021-03-29 22:23:42,44.4908,-103.8594,43.0,30,1,25.32
249,Nelson Bay,AU,2021-03-29 22:23:42,-32.7167,152.15,66.99,94,90,8.05
250,Maseru,LS,2021-03-29 22:23:42,-29.3167,27.4833,54.68,84,60,4.16
251,Malibu,US,2021-03-29 22:19:33,34.005,-118.8101,82.99,28,9,7.0
252,Killybegs,IE,2021-03-29 22:23:43,54.6333,-8.45,52.0,89,9,11.01
253,Kwinana,AU,2021-03-29 22:23:43,-32.25,115.7667,72.0,94,6,5.75
254,Saint-Pierre,RE,2021-03-29 22:23:43,-21.3393,55.4781,77.0,78,0,6.91
255,Kalabo,ZM,2021-03-29 22:23:44,-14.97,22.6814,68.09,75,54,7.45
256,Esperance,AU,2021-03-29 22:23:44,-33.8667,121.9,82.4,24,91,18.41
257,Zalantun,CN,2021-03-29 22:23:44,48.0,122.7167,30.25,70,1,6.17
258,Ibra,OM,2021-03-29 22:23:45,22.6906,58.5334,76.93,30,75,2.28
259,Mount Isa,AU,2021-03-29 22:23:45,-20.7333,139.5,78.8,34,0,10.36
260,Malazgirt,TR,2021-03-29 22:23:45,39.1427,42.5401,27.59,67,0,3.18
261,Yulara,AU,2021-03-29 22:23:46,-25.2406,130.9889,66.2,52,0,8.05
262,Carballo,ES,2021-03-29 22:23:46,43.213,-8.691,59.0,67,0,2.3
263,Lompoc,US,2021-03-29 22:23:46,34.6391,-120.4579,61.0,77,1,20.71
264,Sulangan,PH,2021-03-29 22:23:46,11.1373,123.7228,80.92,78,59,10.07
265,Pisco,PE,2021-03-29 22:23:47,-13.7,-76.2167,73.4,64,0,21.85
266,Katsuura,JP,2021-03-29 22:23:47,35.1333,140.3,62.01,100,75,4.61
267,Along,IN,2021-03-29 22:23:47,28.1667,94.7667,57.16,36,5,1.86
268,Saint Anthony,US,2021-03-29 22:23:48,45.0205,-93.218,73.4,28,1,26.46
269,Buala,SB,2021-03-29 22:23:48,-8.145,159.5921,83.1,74,16,3.02
270,Vila Franca Do Campo,PT,2021-03-29 22:23:48,37.7167,-25.4333,60.8,82,40,13.8
271,Alofi,NU,2021-03-29 22:23:48,-19.0595,-169.9187,84.2,74,11,11.5
272,Geraldton,AU,2021-03-29 22:23:49,-28.7667,114.6,75.2,73,75,5.75
273,Souillac,MU,2021-03-29 22:23:49,-20.5167,57.5167,75.2,88,20,6.91
274,Luderitz,NA,2021-03-29 22:23:49,-26.6481,15.1594,61.79,84,0,8.43
275,Stepnyak,KZ,2021-03-29 22:23:49,52.8339,70.7803,9.09,97,34,7.18
276,Puerto Leguizamo,CO,2021-03-29 22:23:50,-0.1934,-74.7819,79.65,82,64,1.97
277,Wajima,JP,2021-03-29 22:23:50,37.4,136.9,52.14,78,97,7.18
278,Mingoyo,TZ,2021-03-29 22:23:50,-10.1,39.6333,75.2,94,20,12.66
279,Sioux Lookout,CA,2021-03-29 22:23:50,50.1001,-91.917,46.4,49,90,18.41
280,Rasskazovo,RU,2021-03-29 22:23:51,52.6714,41.9033,18.61,97,29,5.17
281,Isilkul,RU,2021-03-29 22:23:51,54.9109,71.2728,17.78,93,100,9.19
282,Port Hedland,AU,2021-03-29 22:23:51,-20.3167,118.5667,80.6,47,40,6.91
283,Klaksvik,FO,2021-03-29 22:23:14,62.2266,-6.589,39.2,75,75,2.3
284,Flin Flon,CA,2021-03-29 22:23:52,54.7682,-101.865,17.6,86,90,14.97
285,Erzin,TR,2021-03-29 22:23:52,36.9559,36.2,53.01,66,0,2.98
286,Nanortalik,GL,2021-03-29 22:23:52,60.1432,-45.2371,27.43,56,66,3.87
287,Semey,KZ,2021-03-29 22:23:53,50.4111,80.2275,22.24,85,11,8.7
288,Samarai,PG,2021-03-29 22:23:53,-10.6167,150.6667,83.73,74,100,11.39
289,San Cristobal,VE,2021-03-29 22:23:26,7.7669,-72.225,82.4,65,75,3.44
290,Itarema,BR,2021-03-29 22:23:53,-2.9248,-39.9167,78.37,82,57,7.25
291,Brae,GB,2021-03-29 22:23:54,60.3964,-1.353,42.8,100,90,3.44
292,Staunton,US,2021-03-29 22:22:41,38.1496,-79.0717,60.01,25,1,2.46
293,Caravelas,BR,2021-03-29 22:23:54,-17.7125,-39.2481,78.57,72,0,8.1
294,Kodiak,US,2021-03-29 22:23:54,57.79,-152.4072,48.2,57,75,10.36
295,Mbeya,TZ,2021-03-29 22:23:55,-8.9,33.45,58.12,97,88,4.45
296,Dauphin,CA,2021-03-29 22:23:55,51.1494,-100.0502,41.0,93,90,11.5
297,Lashio,MM,2021-03-29 22:23:55,22.9333,97.75,59.94,36,0,1.54
298,Maningrida,AU,2021-03-29 22:23:56,-12.0667,134.2667,75.24,91,98,7.14
299,Clyde River,CA,2021-03-29 22:23:56,70.4692,-68.5914,-7.6,84,75,14.97
300,Vestmannaeyjar,IS,2021-03-29 22:23:56,63.4427,-20.2734,33.73,64,99,5.99
301,Donskoye,RU,2021-03-29 22:23:56,45.4552,41.9741,37.4,93,0,6.71
302,Leua,SK,2021-03-29 22:23:57,48.2156,18.6071,55.99,69,100,3.6
303,Iquique,CL,2021-03-29 22:23:57,-20.2208,-70.1431,69.8,68,40,17.27
304,Boa Vista,BR,2021-03-29 22:23:57,2.8197,-60.6733,86.0,62,75,6.91
305,Broome,US,2021-03-29 22:23:58,42.2506,-75.833,43.0,45,1,12.66
306,Inta,RU,2021-03-29 22:23:58,66.0317,60.1659,32.52,98,100,14.23
307,Elsterwerda,DE,2021-03-29 22:23:58,51.45,13.5333,55.4,50,0,8.05
308,Wahiawa,US,2021-03-29 22:23:59,21.5028,-158.0236,82.4,65,75,11.5
309,Grenfell,AU,2021-03-29 22:23:59,-33.9,148.1667,59.09,64,6,3.09
310,San Andres,CO,2021-03-29 22:23:59,12.5847,-81.7006,84.2,65,20,17.27
311,Enid,US,2021-03-29 22:24:00,36.3956,-97.8784,80.6,18,1,36.82
312,Port Macquarie,AU,2021-03-29 22:24:00,-31.4333,152.9167,64.99,94,75,3.44
313,Najran,SA,2021-03-29 22:24:00,17.4924,44.1277,66.2,27,2,3.38
314,San Patricio,US,2021-03-29 22:24:00,28.017,-97.5169,68.0,72,90,12.66
315,Salalah,OM,2021-03-29 22:24:01,17.0151,54.0924,80.6,39,0,2.3
316,Goderich,CA,2021-03-29 22:24:01,43.7501,-81.7165,42.8,56,10,9.22
317,Okhotsk,RU,2021-03-29 22:24:01,59.3833,143.3,15.94,91,100,5.12
318,Sao Jose Da Coroa Grande,BR,2021-03-29 22:23:02,-8.8978,-35.1478,79.36,81,45,7.92
319,Lagoa,PT,2021-03-29 22:23:59,39.05,-27.9833,59.18,81,100,12.5
320,Necochea,AR,2021-03-29 22:24:02,-38.5473,-58.7368,60.01,90,23,1.01
321,Medina Del Campo,ES,2021-03-29 22:24:02,41.3124,-4.9141,57.99,50,0,8.05
322,Santa Isabel,BR,2021-03-29 22:24:02,-23.3156,-46.2214,80.6,65,0,4.61
323,Kharitonovo,RU,2021-03-29 22:24:03,61.4009,47.4978,28.6,94,17,7.23
324,Vracov,CZ,2021-03-29 22:24:03,48.9752,17.211,54.0,77,100,2.21
325,Verkhnyaya Inta,RU,2021-03-29 22:24:03,65.9811,60.3094,32.32,98,100,14.76
326,Tarakan,ID,2021-03-29 22:19:36,3.3,117.6333,79.59,79,100,3.87
327,Kirakira,SB,2021-03-29 22:24:04,-10.4544,161.9205,84.11,75,68,6.02
328,Gazli,UZ,2021-03-29 22:24:04,40.1333,63.45,46.38,54,32,3.6
329,Ancud,CL,2021-03-29 22:24:04,-41.8697,-73.8203,60.01,80,73,1.99
330,Waddan,LY,2021-03-29 22:24:05,29.1614,16.139,60.35,37,70,12.3
331,Agua Verde,MX,2021-03-29 22:24:05,22.9,-106.05,77.0,57,90,5.75
332,Rock Sound,BS,2021-03-29 22:24:05,24.9,-76.2,77.63,76,55,13.13
333,Kenai,US,2021-03-29 22:24:06,60.5544,-151.2583,42.8,80,1,11.5
334,Ducos,MQ,2021-03-29 22:24:06,14.5753,-60.9745,78.8,78,75,11.5
335,Eersel,NL,2021-03-29 22:24:06,51.3575,5.3181,51.01,61,90,3.44
336,Gunjur,GM,2021-03-29 22:24:07,13.2019,-16.7339,68.0,77,0,11.5
337,Touros,BR,2021-03-29 22:23:02,-5.1989,-35.4608,82.4,78,40,10.36
338,Kamaishi,JP,2021-03-29 22:24:07,39.2667,141.8833,49.55,70,94,4.59
339,Prince Rupert,CA,2021-03-29 22:24:07,54.3161,-130.3201,41.0,70,90,5.75
340,San Quintin,MX,2021-03-29 22:24:07,30.4833,-115.95,66.4,60,100,12.71
341,Sur,OM,2021-03-29 22:24:08,22.5667,59.5289,83.43,38,26,6.29
342,Ponta Delgada,PT,2021-03-29 22:24:08,37.7333,-25.6667,60.8,82,40,13.8
343,Pithapuram,IN,2021-03-29 22:24:08,17.1167,82.2667,77.29,81,9,4.32
344,Khairagarh,IN,2021-03-29 22:24:09,26.95,77.8167,81.03,14,20,6.62
345,Portland,US,2021-03-29 22:23:39,45.5234,-122.6762,53.01,50,75,12.66
346,Berlevag,NO,2021-03-29 22:24:09,70.8578,29.0864,32.0,80,0,13.8
347,Neiafu,TO,2021-03-29 22:24:09,-18.65,-173.9833,84.2,79,40,10.36
348,Henties Bay,NA,2021-03-29 22:24:10,-22.116,14.2845,62.01,90,0,1.99
349,Moyale,KE,2021-03-29 22:24:10,3.5167,39.0584,73.74,42,51,8.16
350,Eureka,US,2021-03-29 22:24:10,40.8021,-124.1637,60.01,59,6,10.0
351,Boyolangu,ID,2021-03-29 22:24:11,-8.1181,111.8935,75.18,94,100,0.67
352,Eyl,SO,2021-03-29 22:24:11,7.9803,49.8164,77.02,75,58,6.85
353,Labuhan,ID,2021-03-29 22:24:11,-6.8844,112.2051,77.38,90,58,6.89
354,Kaili,ID,2021-03-29 22:24:12,-3.4626,120.2147,66.16,94,100,3.2
355,Chifeng,CN,2021-03-29 22:24:12,42.2683,118.9636,38.25,32,9,4.45
356,Rio Grande,BR,2021-03-29 22:24:12,-32.035,-52.0986,69.01,75,35,12.84
357,Baykit,RU,2021-03-29 22:24:13,61.67,96.37,2.14,99,74,2.08
358,Deori Khas,IN,2021-03-29 22:24:13,23.4,79.0167,79.79,15,67,7.96
359,Cidreira,BR,2021-03-29 22:23:05,-30.1811,-50.2056,71.37,64,2,9.24
360,Coquimbo,CL,2021-03-29 22:23:18,-29.9533,-71.3436,62.6,72,20,11.5
361,Severnoye,RU,2021-03-29 22:24:13,56.3491,78.3619,18.93,92,100,12.06
362,Le Mars,US,2021-03-29 22:24:14,42.7942,-96.1656,75.2,27,1,28.77
363,Bairnsdale,AU,2021-03-29 22:24:14,-37.8333,147.6167,59.0,72,58,4.92
364,Rocha,UY,2021-03-29 22:24:14,-34.4833,-54.3333,65.62,90,70,12.46
365,Togur,RU,2021-03-29 22:24:15,58.3631,82.8265,17.49,93,100,9.8
366,Jennings,US,2021-03-29 22:24:15,38.7192,-90.2604,71.6,21,20,19.57
367,Half Moon Bay,US,2021-03-29 22:24:15,37.4636,-122.4286,66.0,76,20,5.75
368,Jasper,US,2021-03-29 22:24:16,37.2001,-94.3502,71.6,24,1,23.02
369,Anqing,CN,2021-03-29 22:24:16,30.5092,117.0506,62.69,90,100,9.28
370,Yerbogachen,RU,2021-03-29 22:24:16,61.2767,108.0108,14.43,97,100,1.86
371,Marinette,US,2021-03-29 22:24:16,45.1,-87.6307,46.4,65,1,17.27
372,Emerald,AU,2021-03-29 22:20:18,-23.5333,148.1667,73.4,46,0,17.27
373,Galich,RU,2021-03-29 22:23:23,58.3797,42.3475,27.48,94,11,6.26
374,Mount Gambier,AU,2021-03-29 22:23:08,-37.8333,140.7667,55.4,94,90,1.92
375,Rudnyy,KZ,2021-03-29 22:24:17,52.9594,63.1206,28.4,80,75,6.71
376,Abilene,US,2021-03-29 22:24:17,32.4487,-99.7331,82.99,17,1,21.85
377,Togul,RU,2021-03-29 22:21:15,53.465,85.9128,25.0,88,100,18.9
378,Saint-Louis,SN,2021-03-29 22:24:18,16.3333,-15.0,89.6,33,0,4.61
379,Loknya,RU,2021-03-29 22:24:18,56.83,30.1467,39.29,79,100,10.8
380,Tura,IN,2021-03-29 22:24:18,25.5198,90.2201,70.9,55,35,6.76
381,Kamskiye Polyany,RU,2021-03-29 22:24:18,55.4307,51.4171,33.8,37,0,2.24
382,Gua Musang,MY,2021-03-29 22:24:19,4.8823,101.9644,72.68,98,94,0.65
383,Akdagmadeni,TR,2021-03-29 22:24:19,39.6603,35.8836,35.62,66,10,2.3
384,Saint-Leu,RE,2021-03-29 22:24:19,-21.15,55.2833,77.0,78,0,6.91
385,Hoquiam,US,2021-03-29 22:24:20,46.9809,-123.8893,51.01,53,1,21.85
386,Ayr,GB,2021-03-29 22:24:20,55.4627,-4.6339,53.6,87,75,14.97
387,Narasapur,IN,2021-03-29 22:24:21,16.45,81.6667,77.74,90,32,4.68
388,Staryy Nadym,RU,2021-03-29 22:24:21,65.6118,72.6842,7.95,95,100,13.22
389,Zorritos,PE,2021-03-29 22:24:21,-3.6805,-80.6782,80.6,74,90,6.91
390,Yunyang,CN,2021-03-29 22:24:21,33.4474,112.7142,51.17,51,51,7.7
391,Gat,IL,2021-03-29 22:24:22,31.61,34.7642,54.0,71,0,4.61
392,Great Yarmouth,GB,2021-03-29 22:24:22,52.6083,1.7305,51.8,82,8,5.75
393,Wattegama,LK,2021-03-29 22:24:22,6.7989,81.4808,73.09,88,100,7.4
394,Egvekinot,RU,2021-03-29 22:24:22,66.3167,-179.1667,6.84,77,100,15.66
395,Salavat,RU,2021-03-29 22:24:23,53.3837,55.9077,27.54,98,98,5.17
396,Sinnamary,GF,2021-03-29 22:24:23,5.3833,-52.95,77.65,86,90,14.47
397,Namibe,AO,2021-03-29 22:24:23,-15.1961,12.1522,74.44,82,88,1.83
398,Seymchan,RU,2021-03-29 22:24:24,62.8833,152.4333,-5.37,98,99,1.57
399,Upernavik,GL,2021-03-29 22:24:24,72.7868,-56.1549,-5.08,77,98,7.27
400,The Valley,AI,2021-03-29 22:24:24,18.217,-63.0578,80.6,73,40,16.11
401,Rathdrum,US,2021-03-29 22:24:25,47.8137,-116.892,42.01,33,75,14.97
402,Fare,PF,2021-03-29 22:24:25,-16.7,-151.0167,82.18,72,14,15.57
403,Shenjiamen,CN,2021-03-29 22:24:25,29.9576,122.298,59.27,99,100,0.58
404,Boden,SE,2021-03-29 22:24:26,65.8252,21.6886,33.8,100,90,8.05
405,Khani,GE,2021-03-29 22:24:26,41.9563,42.9566,39.2,81,0,5.75
406,Lander,US,2021-03-29 22:24:26,42.833,-108.7307,37.4,22,1,26.46
407,Ginda,IN,2021-03-29 22:24:27,30.6945,78.4932,53.19,31,9,8.48
408,Neryungri,RU,2021-03-29 22:24:27,56.6709,124.6491,0.54,99,93,3.13
409,Taywarah,AF,2021-03-29 22:24:27,33.35,64.4167,35.74,35,0,3.67
410,Nicoya,CR,2021-03-29 22:24:28,10.1483,-85.452,87.8,42,20,25.32
411,Omboue,GA,2021-03-29 22:24:28,-1.5746,9.2618,76.8,88,100,2.55
412,Moose Factory,CA,2021-03-29 22:24:28,51.2585,-80.6094,24.8,58,40,13.8
413,Rio Gallegos,AR,2021-03-29 22:24:29,-51.6226,-69.2181,68.0,45,0,5.75
414,Faenza,IT,2021-03-29 22:24:29,44.2857,11.8833,52.0,85,42,4.18
415,Chuy,UY,2021-03-29 22:24:29,-33.6971,-53.4616,67.37,87,25,15.14
416,Boguchany,RU,2021-03-29 22:24:29,58.3814,97.4531,26.11,98,100,3.78
417,Gladstone,AU,2021-03-29 22:24:30,-23.85,151.25,77.0,61,2,11.5
418,Hamilton,US,2021-03-29 22:22:46,39.1834,-84.5333,60.01,33,1,9.22
419,Bogande,BF,2021-03-29 22:24:30,12.9714,-0.1436,82.74,14,0,9.1
420,Elesbao Veloso,BR,2021-03-29 22:24:30,-6.2019,-42.1403,73.49,94,90,5.68
421,Pasighat,IN,2021-03-29 22:24:31,28.0667,95.3333,67.68,23,3,4.38
422,Okmulgee,US,2021-03-29 22:24:31,35.6234,-95.9605,75.2,22,1,24.16
423,Tezu,IN,2021-03-29 22:24:31,27.9167,96.1667,69.21,21,19,4.45
424,Torbay,CA,2021-03-29 22:22:35,47.6666,-52.7314,37.0,100,90,43.73
425,Lexington,US,2021-03-29 22:20:22,37.9887,-84.4777,57.0,33,1,9.22
426,Husavik,IS,2021-03-29 22:24:32,66.0449,-17.3389,26.6,80,90,3.44
427,Namatanai,PG,2021-03-29 22:24:32,-3.6667,152.4333,82.38,73,99,6.2
428,Talaya,RU,2021-03-29 22:24:32,61.3833,152.75,0.37,93,100,1.88
429,Lesnoy,RU,2021-03-29 22:24:33,57.6198,63.0784,14.25,96,21,2.48
430,Lake City,US,2021-03-29 22:20:04,30.1897,-82.6393,73.99,56,1,4.61
431,Soyo,AO,2021-03-29 22:24:33,-6.1349,12.3689,80.55,79,100,7.92
432,Havelock,US,2021-03-29 22:24:33,34.8791,-76.9013,61.0,44,1,9.22
433,Tutoia,BR,2021-03-29 22:24:34,-2.7619,-42.2744,78.37,86,56,7.4
434,Magdagachi,RU,2021-03-29 22:24:34,53.45,125.8,17.4,87,11,6.22
435,Kaeo,NZ,2021-03-29 22:24:34,-35.1,173.7833,69.01,96,90,8.99
436,Sabang,ID,2021-03-29 22:24:35,5.8933,95.3214,80.38,78,100,12.08
437,Milkovo,RU,2021-03-29 22:24:35,54.7167,158.6167,22.69,72,100,2.93
438,Seddon,AU,2021-03-29 22:24:35,-37.8068,144.8916,55.99,87,92,5.75
439,Alberton,CA,2021-03-29 22:24:35,46.8168,-64.0654,37.4,81,98,19.57
440,Lianzhou,CN,2021-03-29 22:24:36,24.7811,112.3825,74.57,94,44,3.49
441,Pacific Grove,US,2021-03-29 22:22:58,36.6177,-121.9166,57.2,58,1,12.66
442,Honningsvag,NO,2021-03-29 22:24:36,70.9821,25.9704,35.28,78,24,14.25
443,Saint-Augustin,CA,2021-03-29 22:24:36,51.226,-58.6502,35.58,99,100,13.56
444,Ambon,ID,2021-03-29 22:24:37,-3.6954,128.1814,77.0,94,20,5.75
445,Yenagoa,NG,2021-03-29 22:24:37,4.9247,6.2642,78.33,85,72,5.1
446,Faya,SA,2021-03-29 22:24:37,18.3851,42.4509,62.6,44,0,4.61
447,Shihezi,CN,2021-03-29 22:24:38,44.3,86.0333,37.09,97,100,4.9
448,Ostrovnoy,RU,2021-03-29 22:24:38,68.0531,39.5131,34.7,96,100,23.11
449,Safford,US,2021-03-29 22:20:01,32.834,-109.7076,82.4,10,1,4.61
450,Vulcan,RO,2021-03-29 22:24:38,45.3833,23.2667,35.26,84,77,3.22
451,Pochutla,MX,2021-03-29 22:24:39,15.7432,-96.4661,91.99,45,1,6.91
452,Khilok,RU,2021-03-29 22:24:39,51.3674,110.4676,24.67,97,100,2.13
453,Atherton,GB,2021-03-29 22:24:39,53.5237,-2.4935,51.01,78,2,1.99
454,Iqaluit,CA,2021-03-29 22:24:40,63.7506,-68.5145,3.2,72,20,16.11
455,Tornabe,HN,2021-03-29 22:24:40,15.75,-87.55,87.8,70,40,16.11
456,Verkhnevilyuysk,RU,2021-03-29 22:24:40,63.4453,120.3167,1.33,99,98,2.62
457,Paamiut,GL,2021-03-29 22:24:40,61.994,-49.6678,26.82,67,100,20.67
458,Gizo,SB,2021-03-29 22:24:41,-8.103,156.8419,83.28,71,87,1.81
459,Leeuwarden,NL,2021-03-29 22:24:41,53.2014,5.8086,50.0,71,5,1.01
460,Siguiri,GN,2021-03-29 22:24:41,11.6667,-9.5,88.61,18,0,3.69
461,Leningradskiy,RU,2021-03-29 22:24:42,69.3833,178.4167,-1.01,92,100,14.81
462,Davila,PH,2021-03-29 22:24:42,18.4726,120.5763,73.4,94,40,2.3
463,Valleyview,CA,2021-03-29 22:24:42,55.0667,-117.2859,23.0,42,100,16.11
464,Noumea,NC,2021-03-29 22:24:43,-22.2763,166.4572,82.0,65,0,4.61
465,Kizema,RU,2021-03-29 22:24:43,61.113,44.8302,28.51,93,33,8.14
466,Constitucion,CL,2021-03-29 22:24:43,-35.3333,-72.4167,59.67,77,37,4.14
467,Asgabat,TM,2021-03-29 22:24:43,37.95,58.3833,51.8,50,90,6.91
468,Peniche,PT,2021-03-29 22:23:21,39.3558,-9.3811,60.01,77,22,1.01
469,Kurchum,KZ,2021-03-29 22:24:44,48.5722,83.6542,10.99,89,46,4.29
470,Fairbanks,US,2021-03-29 22:21:20,64.8378,-147.7164,32.0,80,90,4.61
471,Kogon,UZ,2021-03-29 22:24:44,39.7228,64.5517,41.0,87,0,4.61
472,Ormara,PK,2021-03-29 22:24:44,25.2088,64.6357,81.99,38,98,11.59
473,Manzhouli,CN,2021-03-29 22:24:45,49.6,117.4333,28.2,57,73,3.89
474,Victor Harbor,AU,2021-03-29 22:24:45,-35.5667,138.6167,64.99,66,48,4.41
475,Porto Santo,PT,2021-03-29 22:24:45,33.072,-16.3415,62.6,82,40,17.27
476,Zhangye,CN,2021-03-29 22:24:46,38.9342,100.4517,47.03,30,88,7.58
477,Ulaangom,MN,2021-03-29 22:24:46,49.9811,92.0667,18.81,72,35,6.11
478,Svetlogorsk,BY,2021-03-29 22:24:46,52.6333,29.7333,41.27,79,100,5.39
479,Lusambo,CD,2021-03-29 22:24:46,-4.9667,23.45,67.82,99,100,0.85
480,Angoche,MZ,2021-03-29 22:24:47,-16.2325,39.9086,77.16,82,26,10.67
481,Hue,VN,2021-03-29 22:24:47,16.4667,107.6,78.8,89,20,2.3
482,Ulladulla,AU,2021-03-29 22:24:47,-35.35,150.4667,62.01,55,40,10.36
483,Bagong Sikat,PH,2021-03-29 22:24:48,12.3675,121.0617,78.01,76,100,4.79
484,Sabha,LY,2021-03-29 22:24:48,27.0377,14.4283,62.89,26,16,13.69
485,Bathsheba,BB,2021-03-29 22:24:12,13.2167,-59.5167,78.8,65,40,19.57
486,Bairiki,KI,2021-03-29 22:24:48,1.3292,172.9752,84.2,74,20,10.36
487,Korla,CN,2021-03-29 22:20:21,41.7597,86.1469,42.26,85,100,18.79
488,Muravlenko,RU,2021-03-29 22:24:49,63.7898,74.523,0.43,93,100,8.01
489,Tautira,PF,2021-03-29 22:24:49,-17.7333,-149.15,86.0,62,40,5.75
490,Imbituba,BR,2021-03-29 22:23:51,-28.24,-48.6703,73.4,94,75,2.3
491,Kununurra,AU,2021-03-29 22:24:49,-15.7667,128.7333,75.2,73,77,6.91
492,Kruisfontein,ZA,2021-03-29 22:24:49,-34.0033,24.7314,66.99,84,24,5.01
493,Ketchikan,US,2021-03-29 22:24:50,55.3422,-131.6461,37.4,81,90,8.05
494,Clarence Town,AU,2021-03-29 22:24:50,-32.5833,151.7833,66.99,94,90,8.05
495,Whitehorse,CA,2021-03-29 22:24:50,60.7161,-135.0538,30.2,37,75,6.91
496,Heihe,CN,2021-03-29 22:22:05,50.2441,127.4902,33.8,80,20,11.18
497,Kamloops,CA,2021-03-29 22:24:25,50.6665,-120.3192,42.8,24,40,17.27
498,Kaniama,CD,2021-03-29 22:24:51,-7.5667,24.1833,65.32,96,88,0.69
499,Les Cayes,HT,2021-03-29 22:24:51,18.2,-73.75,80.02,69,3,10.87
500,Banes,CU,2021-03-29 22:24:51,20.9625,-75.7186,86.0,48,20,23.02
501,Mecca,SA,2021-03-29 22:24:52,21.4267,39.8261,77.14,48,21,4.47
502,Dabat,ET,2021-03-29 22:24:52,12.9842,37.765,60.78,46,95,3.8
503,Bulgan,MN,2021-03-29 22:24:52,48.8125,103.5347,30.74,58,45,5.5
504,Velka Bites,CZ,2021-03-29 22:24:53,49.2884,16.2274,53.6,50,0,4.61
505,Tabou,CI,2021-03-29 22:24:53,4.423,-7.3528,79.23,85,20,5.08
506,Wilmington,US,2021-03-29 22:23:17,34.2257,-77.9447,62.6,39,1,9.22
507,Evensk,RU,2021-03-29 22:24:53,61.95,159.2333,2.61,76,6,4.25
508,Bac Lieu,VN,2021-03-29 22:24:54,9.285,105.7244,78.49,82,39,5.32
509,Boundiali,CI,2021-03-29 22:24:54,9.5217,-6.4869,83.73,39,18,3.98
510,Linxia,CN,2021-03-29 22:24:54,35.6003,103.2064,49.1,42,81,2.82
511,Srednekolymsk,RU,2021-03-29 22:24:55,67.45,153.6833,2.5,87,75,3.24
512,Lichinga,MZ,2021-03-29 22:24:55,-13.3128,35.2406,64.0,100,75,17.27
513,Arman,RU,2021-03-29 22:24:55,59.7,150.1667,16.75,78,100,5.39
514,Sambava,MG,2021-03-29 22:24:55,-14.2667,50.1667,77.0,91,100,4.41
515,Hailar,CN,2021-03-29 22:24:56,49.2,119.7,27.48,74,74,0.83
516,Newport,GB,2021-03-29 22:24:56,51.5877,-2.9984,46.99,93,0,4.99
517,Santa Cruz Cabralia,BR,2021-03-29 22:24:56,-16.2781,-39.0247,78.8,73,0,6.91
518,Grande Prairie,CA,2021-03-29 22:24:57,55.1667,-118.8027,23.0,46,75,11.5
519,Languyan,PH,2021-03-29 22:24:57,5.2618,120.0807,80.1,79,50,6.58
520,Valparaiso,CL,2021-03-29 22:23:30,-33.0393,-71.6273,59.0,82,40,3.44
521,Naron,ES,2021-03-29 22:22:03,43.5167,-8.1528,60.01,67,0,2.3
522,Hervey Bay,AU,2021-03-29 22:24:58,-25.2986,152.8535,73.99,79,3,4.0
523,Maua,BR,2021-03-29 22:24:58,-23.6678,-46.4614,75.99,58,79,1.01
524,Cockburn Town,TC,2021-03-29 22:23:07,21.4612,-71.1419,82.4,69,40,16.11
525,Kloulklubed,PW,2021-03-29 22:24:58,7.0419,134.2556,78.8,89,75,8.52
526,Montrose,US,2021-03-29 22:24:59,38.4166,-108.2673,63.0,15,8,21.99
527,Santa Ana,US,2021-03-29 22:24:59,33.7456,-117.8678,79.0,52,1,13.8
528,Front Royal,US,2021-03-29 22:20:12,38.9182,-78.1944,61.0,23,1,3.44
529,Casambalangan,PH,2021-03-29 22:24:59,18.3765,122.1274,76.95,85,17,4.5
530,Batagay-Alyta,RU,2021-03-29 22:25:00,67.8006,130.4114,-4.14,88,98,4.16
531,Erdenet,MN,2021-03-29 22:25:00,49.0333,104.0833,28.76,70,74,5.64
532,Satipo,PE,2021-03-29 22:25:00,-11.2522,-74.6386,72.52,88,100,1.52
533,Lipin Bor,RU,2021-03-29 22:25:01,60.2622,37.9763,34.25,87,100,14.18
534,Doctor Arroyo,MX,2021-03-29 22:25:01,23.6667,-100.1833,68.49,51,100,12.39
535,Port Keats,AU,2021-03-29 22:25:01,-14.25,129.55,75.49,73,97,7.47
536,Tuatapere,NZ,2021-03-29 22:25:02,-46.1333,167.6833,57.99,94,100,1.01
537,Basoko,CD,2021-03-29 22:25:02,1.2391,23.616,72.5,79,100,4.41
538,Acarau,BR,2021-03-29 22:25:02,-2.8856,-40.12,78.76,82,56,7.87
539,Rundu,NA,2021-03-29 22:24:55,-17.9333,19.7667,66.09,58,4,6.89
540,Moron,AR,2021-03-29 22:22:25,-34.6534,-58.6198,72.0,64,73,5.95
541,Los Llanos De Aridane,ES,2021-03-29 22:22:58,28.6585,-17.9182,64.4,68,0,4.61
542,Panaba,MX,2021-03-29 22:25:03,21.2833,-88.2667,87.46,44,64,13.49
543,Zaria,NG,2021-03-29 22:25:03,11.1113,7.7227,76.39,19,3,10.42
544,Hobyo,SO,2021-03-29 22:25:03,5.3505,48.5268,80.01,74,45,10.92
545,Santa Catalina,PH,2021-03-29 22:25:04,9.3337,122.8637,77.0,83,20,4.61
546,Joetsu,JP,2021-03-29 22:25:04,37.1483,138.2364,48.99,92,76,3.8
547,Modasa,IN,2021-03-29 22:25:04,23.4667,73.3,76.8,38,21,9.44
548,Ilo,PE,2021-03-29 22:25:05,-17.6394,-71.3375,69.84,78,21,6.15
549,Panshi,CN,2021-03-29 22:25:05,42.9422,126.0561,35.46,61,5,4.97
550,Acapulco,MX,2021-03-29 22:25:05,16.8634,-99.8901,86.0,66,40,10.36
551,Dauriya,RU,2021-03-29 22:25:06,49.9333,116.8667,27.72,56,97,6.11
552,Marquette,US,2021-03-29 22:25:06,46.5333,-87.6335,45.0,57,33,14.0
553,Praya,CV,2021-03-29 22:25:06,14.9215,-23.5087,69.8,73,75,17.27
554,Novikovo,RU,2021-03-29 22:25:07,51.1537,37.8879,33.1,80,36,6.64
555,Slubice,PL,2021-03-29 22:25:07,52.3509,14.5607,54.0,68,86,7.47
556,Oxbow,CA,2021-03-29 22:24:58,49.2333,-102.1676,28.4,80,90,33.38
557,Zyryanka,RU,2021-03-29 22:25:07,65.75,150.85,0.57,91,36,8.16
558,Lodwar,KE,2021-03-29 22:25:07,3.1191,35.5973,89.22,34,63,14.36
559,Kirkwood,US,2021-03-29 22:25:08,38.5834,-90.4068,71.6,21,20,19.57
560,Darhan,MN,2021-03-29 22:25:08,49.4867,105.9228,31.8,65,46,3.71
561,Moree,AU,2021-03-29 22:25:08,-29.4667,149.85,68.0,68,40,9.22
562,Luwuk,ID,2021-03-29 22:25:09,-0.9516,122.7875,77.45,84,100,1.86
563,Coahuayana,MX,2021-03-29 22:25:09,18.7333,-103.6833,82.4,36,75,7.54
564,Saint-Francois,FR,2021-03-29 22:25:09,46.4154,3.9054,50.0,62,0,4.61
565,Asau,RO,2021-03-29 22:25:10,46.4333,26.4,39.2,60,0,10.36
566,Karakol,KG,2021-03-29 22:25:10,42.4907,78.3936,28.36,79,100,3.6
567,Kjollefjord,NO,2021-03-29 22:25:10,70.9457,27.3465,32.0,80,0,13.8
568,Solnechnyy,RU,2021-03-29 22:25:10,50.7214,136.6319,27.39,89,88,7.67
569,Sharjah,AE,2021-03-29 22:22:05,25.3573,55.4033,72.0,78,0,8.05
570,Bontang,ID,2021-03-29 22:25:11,0.1333,117.5,76.05,90,100,5.88
571,Poquoson,US,2021-03-29 22:25:11,37.1224,-76.3458,62.01,47,1,5.75
572,Batemans Bay,AU,2021-03-29 22:25:11,-35.7167,150.1833,60.01,67,41,1.99
